Image,Class
D3_405.jpg,0
D3_523.jpg,0
D3_750.jpg,0
D3_427.jpg,0
D3_042.jpg,0
D3_496.jpg,0
D3_109.jpg,0
D3_345.jpg,0
D3_057.jpg,0
D3_260.jpg,0
D3_480.jpg,0
D3_626.jpg,0
D3_228.jpg,0
D3_213.jpg,0
D3_594.jpg,0
D3_333.jpg,0
D3_025.jpg,0
D3_781.jpg,0
D3_352.jpg,0
D3_357.jpg,0
D3_052.jpg,0
D3_332.jpg,0
D3_734.jpg,0
D3_630.jpg,0
D3_502.jpg,1
D3_335.jpg,0
D3_286.jpg,0
D3_019.jpg,0
D3_585.jpg,0
D3_749.jpg,0
D3_084.jpg,0
D3_062.jpg,0
D3_463.jpg,0
D3_292.jpg,0
D3_448.jpg,0
D3_183.jpg,0
D3_550.jpg,0
D3_501.jpg,0
D3_224.jpg,0
D3_425.jpg,0
D3_468.jpg,0
D3_320.jpg,0
D3_329.jpg,0
D3_444.jpg,0
D3_494.jpg,0
D3_177.jpg,0
D3_677.jpg,0
D3_364.jpg,1
D3_164.jpg,0
D3_249.jpg,0
D3_519.jpg,0
D3_711.jpg,0
D3_075.jpg,0
D3_644.jpg,0
D3_406.jpg,0
D3_105.jpg,0
D3_115.jpg,0
D3_301.jpg,0
D3_093.jpg,0
D3_412.jpg,0
D3_090.jpg,0
D3_529.jpg,0
D3_735.jpg,0
D3_744.jpg,0
D3_576.jpg,0
D3_498.jpg,0
D3_495.jpg,0
D3_012.jpg,0
D3_434.jpg,0
D3_044.jpg,0
D3_043.jpg,0
D3_168.jpg,0
D3_704.jpg,0
D3_614.jpg,0
D3_413.jpg,0
D3_179.jpg,0
D3_531.jpg,0
D3_540.jpg,0
D3_178.jpg,0
D3_666.jpg,0
D3_767.jpg,1
D3_258.jpg,0
D3_766.jpg,0
D3_544.jpg,0
D3_016.jpg,0
D3_004.jpg,0
D3_336.jpg,0
D3_257.jpg,0
D3_581.jpg,0
D3_446.jpg,0
D3_339.jpg,1
D3_479.jpg,0
D3_418.jpg,0
D3_639.jpg,0
D3_715.jpg,0
D3_325.jpg,0
D3_458.jpg,0
D3_010.jpg,0
D3_250.jpg,0
D3_023.jpg,0
D3_222.jpg,0
D3_548.jpg,1
D3_691.jpg,0
D3_785.jpg,0
D3_627.jpg,0
D3_341.jpg,0
D3_672.jpg,0
D3_204.jpg,0
D3_238.jpg,1
D3_094.jpg,0
D3_532.jpg,0
D3_363.jpg,0
D3_545.jpg,0
D3_285.jpg,0
D3_185.jpg,0
D3_650.jpg,0
D3_397.jpg,0
D3_154.jpg,0
D3_076.jpg,0
D3_454.jpg,0
D3_696.jpg,0
D3_278.jpg,0
D3_069.jpg,0
D3_515.jpg,0
D3_189.jpg,0
D3_272.jpg,0
D3_237.jpg,0
D3_089.jpg,0
D3_763.jpg,0
D3_118.jpg,0
D3_126.jpg,0
D3_661.jpg,0
D3_290.jpg,0
D3_239.jpg,0
D3_001.jpg,0
D3_792.jpg,0
D3_603.jpg,0
D3_795.jpg,0
D3_466.jpg,0
D3_279.jpg,0
D3_625.jpg,1
D3_117.jpg,0
D3_229.jpg,0
D3_757.jpg,0
D3_421.jpg,0
D3_435.jpg,0
D3_275.jpg,0
D3_319.jpg,0
D3_552.jpg,0
D3_145.jpg,0
D3_649.jpg,0
D3_736.jpg,0
D3_727.jpg,0
D3_586.jpg,0
D3_370.jpg,0
D3_269.jpg,0
D3_568.jpg,0
D3_308.jpg,0
D3_311.jpg,0
D3_452.jpg,0
D3_047.jpg,0
D3_350.jpg,0
D3_372.jpg,1
D3_524.jpg,0
D3_262.jpg,0
D3_196.jpg,0
D3_800.jpg,0
D3_673.jpg,0
D3_108.jpg,0
D3_060.jpg,0
D3_600.jpg,0
D3_440.jpg,0
D3_101.jpg,0
D3_478.jpg,1
D3_719.jpg,0
D3_584.jpg,0
D3_738.jpg,0
D3_180.jpg,0
D3_305.jpg,0
D3_430.jpg,0
D3_508.jpg,0
D3_771.jpg,1
D3_150.jpg,0
D3_125.jpg,0
D3_635.jpg,0
D3_698.jpg,0
D3_186.jpg,1
D3_542.jpg,0
D3_051.jpg,0
D3_488.jpg,0
D3_790.jpg,0
D3_486.jpg,0
D3_322.jpg,0
D3_354.jpg,0
D3_740.jpg,0
D3_143.jpg,0
D3_371.jpg,1
D3_142.jpg,0
D3_400.jpg,0
D3_264.jpg,0
D3_321.jpg,0
D3_020.jpg,0
D3_173.jpg,0
D3_654.jpg,0
D3_313.jpg,0
D3_391.jpg,0
D3_746.jpg,0
D3_013.jpg,0
D3_408.jpg,0
D3_409.jpg,0
D3_306.jpg,0
D3_355.jpg,0
D3_026.jpg,0
D3_598.jpg,0
D3_170.jpg,0
D3_039.jpg,0
D3_176.jpg,0
D3_246.jpg,0
D3_299.jpg,0
D3_669.jpg,0
D3_417.jpg,0
D3_549.jpg,0
D3_273.jpg,0
D3_612.jpg,0
D3_155.jpg,0
D3_127.jpg,0
D3_450.jpg,0
D3_572.jpg,0
D3_342.jpg,0
D3_431.jpg,0
D3_288.jpg,0
D3_114.jpg,0
D3_500.jpg,0
D3_174.jpg,0
D3_360.jpg,0
D3_483.jpg,0
D3_058.jpg,0
D3_553.jpg,0
D3_223.jpg,0
D3_281.jpg,0
D3_018.jpg,0
D3_128.jpg,0
D3_323.jpg,0
D3_256.jpg,0
D3_539.jpg,0
D3_471.jpg,0
D3_599.jpg,0
D3_469.jpg,0
D3_769.jpg,0
D3_191.jpg,0
D3_116.jpg,0
D3_517.jpg,0
D3_710.jpg,0
D3_536.jpg,0
D3_095.jpg,0
D3_181.jpg,0
D3_302.jpg,0
D3_617.jpg,0
D3_582.jpg,0
D3_591.jpg,0
D3_732.jpg,0
D3_559.jpg,0
D3_709.jpg,0
D3_543.jpg,0
D3_006.jpg,0
D3_786.jpg,0
D3_046.jpg,0
D3_726.jpg,0
D3_158.jpg,0
D3_606.jpg,0
D3_172.jpg,0
D3_017.jpg,0
D3_512.jpg,0
D3_049.jpg,0
D3_775.jpg,0
D3_758.jpg,0
D3_481.jpg,1
D3_284.jpg,0
D3_537.jpg,0
D3_226.jpg,0
D3_027.jpg,0
D3_631.jpg,0
D3_438.jpg,0
D3_365.jpg,0
D3_230.jpg,0
D3_038.jpg,0
D3_780.jpg,0
D3_375.jpg,0
D3_470.jpg,0
D3_772.jpg,0
D3_683.jpg,0
D3_695.jpg,0
D3_195.jpg,0
D3_685.jpg,0
D3_694.jpg,0
D3_504.jpg,0
D3_774.jpg,0
D3_670.jpg,0
D3_773.jpg,0
D3_163.jpg,0
D3_752.jpg,0
D3_153.jpg,0
D3_558.jpg,0
D3_573.jpg,0
D3_676.jpg,0
D3_112.jpg,0
D3_227.jpg,0
D3_793.jpg,0
D3_104.jpg,0
D3_422.jpg,0
D3_420.jpg,0
D3_120.jpg,0
D3_054.jpg,0
D3_152.jpg,0
D3_404.jpg,0
D3_754.jpg,0
D3_208.jpg,0
D3_678.jpg,0
D3_619.jpg,1
D3_009.jpg,0
D3_652.jpg,1
D3_037.jpg,0
D3_453.jpg,0
D3_254.jpg,0
D3_304.jpg,0
D3_607.jpg,0
D3_580.jpg,0
D3_588.jpg,0
D3_263.jpg,0
D3_298.jpg,0
D3_415.jpg,0
D3_151.jpg,0
D3_637.jpg,0
D3_713.jpg,0
D3_551.jpg,0
D3_489.jpg,0
D3_148.jpg,0
D3_147.jpg,1
D3_589.jpg,0
D3_743.jpg,0
D3_602.jpg,0
D3_349.jpg,0
D3_464.jpg,0
D3_326.jpg,0
D3_187.jpg,0
D3_124.jpg,0
D3_684.jpg,1
D3_144.jpg,0
D3_764.jpg,0
D3_198.jpg,0
D3_280.jpg,0
D3_294.jpg,0
D3_401.jpg,0
D3_123.jpg,0
D3_184.jpg,0
D3_203.jpg,0
D3_439.jpg,0
D3_247.jpg,0
D3_416.jpg,0
D3_712.jpg,0
D3_130.jpg,0
D3_403.jpg,0
D3_633.jpg,0
D3_624.jpg,0
D3_728.jpg,0
D3_220.jpg,0
D3_730.jpg,0
D3_610.jpg,0
D3_733.jpg,0
D3_618.jpg,1
D3_387.jpg,0
D3_776.jpg,0
D3_510.jpg,0
D3_268.jpg,0
D3_782.jpg,0
D3_442.jpg,0
D3_497.jpg,0
D3_113.jpg,1
D3_233.jpg,0
D3_699.jpg,0
D3_608.jpg,0
D3_374.jpg,0
D3_234.jpg,0
D3_634.jpg,0
D3_318.jpg,0
D3_411.jpg,0
D3_718.jpg,0
D3_359.jpg,0
D3_259.jpg,0
D3_628.jpg,0
D3_283.jpg,0
D3_377.jpg,0
D3_385.jpg,0
D3_225.jpg,0
D3_760.jpg,0
D3_658.jpg,0
D3_473.jpg,0
D3_348.jpg,0
D3_506.jpg,0
D3_640.jpg,0
D3_789.jpg,0
D3_741.jpg,0
D3_723.jpg,0
D3_620.jpg,0
D3_686.jpg,0
D3_646.jpg,0
D3_679.jpg,0
D3_557.jpg,0
D3_578.jpg,0
D3_086.jpg,0
D3_243.jpg,0
D3_160.jpg,0
D3_525.jpg,0
D3_036.jpg,0
D3_541.jpg,0
D3_171.jpg,0
D3_655.jpg,0
D3_688.jpg,0
D3_680.jpg,0
D3_753.jpg,0
D3_096.jpg,0
D3_564.jpg,0
D3_241.jpg,0
D3_575.jpg,0
D3_461.jpg,0
D3_554.jpg,0
D3_705.jpg,0
D3_207.jpg,0
D3_393.jpg,0
D3_398.jpg,0
D3_681.jpg,0
D3_218.jpg,0
D3_005.jpg,0
D3_643.jpg,0
D3_717.jpg,0
D3_613.jpg,0
D3_547.jpg,0
D3_099.jpg,0
D3_574.jpg,0
D3_407.jpg,0
D3_503.jpg,0
D3_048.jpg,0
D3_033.jpg,0
D3_201.jpg,0
D3_135.jpg,0
D3_028.jpg,0
D3_707.jpg,0
D3_231.jpg,0
D3_490.jpg,0
D3_379.jpg,0
D3_289.jpg,0
D3_419.jpg,0
D3_675.jpg,0
D3_392.jpg,0
D3_593.jpg,0
D3_499.jpg,0
D3_139.jpg,0
D3_063.jpg,0
D3_472.jpg,0
D3_648.jpg,0
D3_129.jpg,0
D3_779.jpg,0
D3_521.jpg,0
D3_065.jpg,0
D3_015.jpg,0
D3_157.jpg,0
D3_041.jpg,0
D3_493.jpg,0
D3_380.jpg,0
D3_188.jpg,0
D3_217.jpg,0
D3_053.jpg,1
D3_338.jpg,0
D3_296.jpg,0
D3_702.jpg,0
D3_252.jpg,0
D3_462.jpg,1
D3_456.jpg,0
D3_798.jpg,0
D3_270.jpg,0
D3_202.jpg,0
D3_162.jpg,0
D3_556.jpg,0
D3_402.jpg,0
D3_703.jpg,0
D3_477.jpg,0
D3_106.jpg,0
D3_566.jpg,0
D3_390.jpg,0
D3_002.jpg,0
D3_768.jpg,0
D3_562.jpg,0
D3_081.jpg,0
D3_206.jpg,0
D3_035.jpg,0
D3_509.jpg,0
D3_428.jpg,0
D3_455.jpg,0
D3_367.jpg,0
D3_092.jpg,0
D3_340.jpg,0
D3_565.jpg,0
D3_346.jpg,0
D3_242.jpg,0
D3_014.jpg,0
D3_316.jpg,0
D3_601.jpg,0
D3_388.jpg,0
D3_274.jpg,0
D3_167.jpg,0
D3_794.jpg,0
D3_647.jpg,0
D3_485.jpg,1
D3_783.jpg,0
D3_505.jpg,0
D3_244.jpg,0
D3_567.jpg,0
D3_563.jpg,0
D3_687.jpg,0
D3_190.jpg,0
D3_700.jpg,0
D3_476.jpg,0
D3_682.jpg,0
D3_511.jpg,0
D3_059.jpg,0
D3_475.jpg,0
D3_561.jpg,0
D3_748.jpg,0
D3_253.jpg,0
D3_022.jpg,0
D3_314.jpg,0
D3_460.jpg,0
D3_161.jpg,0
D3_277.jpg,0
D3_192.jpg,0
D3_386.jpg,0
D3_414.jpg,0
D3_492.jpg,0
D3_344.jpg,0
D3_770.jpg,0
D3_309.jpg,0
D3_662.jpg,0
D3_131.jpg,0
D3_664.jpg,0
D3_100.jpg,0
D3_373.jpg,0
D3_088.jpg,0
D3_459.jpg,0
D3_331.jpg,0
D3_215.jpg,0
D3_467.jpg,0
D3_122.jpg,0
D3_615.jpg,0
D3_021.jpg,0
D3_701.jpg,0
D3_072.jpg,0
D3_107.jpg,0
D3_271.jpg,0
D3_436.jpg,0
D3_103.jpg,0
D5_158.jpg,1
D5_110.jpg,0
D5_018.jpg,0
D5_348.jpg,1
D5_025.jpg,0
D5_176.jpg,1
D5_352.jpg,0
D5_333.jpg,0
D5_168.jpg,0
D5_246.jpg,0
D5_312.jpg,0
D5_146.jpg,1
D5_259.jpg,1
D5_178.jpg,0
D5_120.jpg,1
D5_195.jpg,0
D5_230.jpg,0
D5_266.jpg,0
D5_219.jpg,1
D5_308.jpg,0
D5_037.jpg,1
D5_140.jpg,0
D5_292.jpg,0
D5_156.jpg,1
D5_197.jpg,0
D5_285.jpg,1
D5_060.jpg,0
D5_112.jpg,0
D5_166.jpg,0
D5_364.jpg,0
D5_007.jpg,0
D5_334.jpg,0
D5_276.jpg,1
D5_151.jpg,0
D5_011.jpg,1
D5_193.jpg,1
D5_104.jpg,0
D5_082.jpg,0
D5_317.jpg,1
D5_399.jpg,0
D5_376.jpg,0
D5_209.jpg,1
D5_287.jpg,0
D5_169.jpg,1
D5_354.jpg,0
D5_090.jpg,1
D5_378.jpg,0
D5_164.jpg,0
D5_148.jpg,1
D5_229.jpg,1
D5_093.jpg,0
D5_070.jpg,0
D5_124.jpg,0
D5_097.jpg,0
D5_144.jpg,0
D5_327.jpg,1
D5_098.jpg,0
D5_239.jpg,0
D5_069.jpg,0
D5_024.jpg,0
D5_038.jpg,0
D5_145.jpg,1
D5_123.jpg,0
D5_183.jpg,0
D5_068.jpg,0
D5_199.jpg,0
D5_325.jpg,1
D5_220.jpg,1
D5_318.jpg,0
D5_196.jpg,0
D5_126.jpg,0
D5_147.jpg,0
D5_372.jpg,0
D5_087.jpg,0
D5_337.jpg,1
D5_341.jpg,1
D5_338.jpg,0
D5_355.jpg,0
D5_335.jpg,1
D5_303.jpg,1
D5_184.jpg,0
D5_204.jpg,0
D5_284.jpg,0
D5_212.jpg,0
D5_283.jpg,1
D5_130.jpg,0
D5_039.jpg,0
D5_012.jpg,0
D5_326.jpg,0
D5_186.jpg,0
D5_223.jpg,1
D5_113.jpg,1
D5_180.jpg,1
D5_328.jpg,1
D5_300.jpg,1
D5_118.jpg,0
D5_369.jpg,1
D5_278.jpg,1
D5_385.jpg,0
D5_288.jpg,1
D5_363.jpg,0
D5_165.jpg,0
D5_254.jpg,0
D5_137.jpg,0
D5_155.jpg,1
D5_200.jpg,0
D5_198.jpg,0
D5_393.jpg,0
D5_003.jpg,1
D5_205.jpg,0
D5_116.jpg,0
D5_235.jpg,0
D5_238.jpg,0
D5_027.jpg,1
D5_121.jpg,1
D5_358.jpg,0
D5_225.jpg,1
D5_361.jpg,1
D5_379.jpg,1
D5_351.jpg,1
D5_380.jpg,0
D5_128.jpg,0
D5_075.jpg,1
D5_323.jpg,0
D5_030.jpg,0
D5_084.jpg,0
D5_390.jpg,1
D5_108.jpg,1
D5_250.jpg,0
D5_297.jpg,0
D5_134.jpg,0
D5_245.jpg,0
D5_185.jpg,1
D5_291.jpg,0
D5_045.jpg,0
D5_368.jpg,1
D5_066.jpg,0
D5_086.jpg,0
D5_243.jpg,0
D5_187.jpg,0
D5_160.jpg,0
D5_013.jpg,0
D5_036.jpg,0
D5_029.jpg,0
D5_171.jpg,0
D5_143.jpg,1
D5_319.jpg,0
D5_273.jpg,0
D5_222.jpg,0
D5_096.jpg,0
D5_052.jpg,0
D5_241.jpg,0
D5_299.jpg,1
D5_305.jpg,1
D5_179.jpg,0
D5_042.jpg,1
D5_311.jpg,0
D5_207.jpg,1
D5_255.jpg,1
D5_332.jpg,1
D5_005.jpg,0
D5_257.jpg,1
D5_359.jpg,0
D5_101.jpg,0
D5_227.jpg,1
D5_342.jpg,1
D5_214.jpg,0
D5_172.jpg,0
D5_099.jpg,1
D5_216.jpg,1
D5_062.jpg,0
D5_048.jpg,1
D5_033.jpg,1
D5_268.jpg,1
D5_201.jpg,1
D5_357.jpg,0
D5_028.jpg,0
D5_313.jpg,0
D5_231.jpg,0
D5_261.jpg,0
D5_289.jpg,1
D5_163.jpg,0
D5_371.jpg,1
D5_139.jpg,1
D5_063.jpg,0
D5_136.jpg,1
D5_129.jpg,0
D5_009.jpg,0
D5_065.jpg,0
D5_301.jpg,0
D5_015.jpg,0
D5_157.jpg,1
D5_041.jpg,0
D5_367.jpg,1
D5_324.jpg,0
D5_217.jpg,1
D5_280.jpg,0
D5_347.jpg,1
D5_237.jpg,1
D5_208.jpg,0
D5_213.jpg,0
D5_296.jpg,0
D5_365.jpg,0
D5_252.jpg,0
D5_391.jpg,0
D5_366.jpg,1
D5_304.jpg,1
D5_270.jpg,0
D5_202.jpg,1
D5_162.jpg,0
D5_044.jpg,1
D5_218.jpg,1
D5_191.jpg,0
D5_310.jpg,0
D5_260.jpg,1
D5_106.jpg,0
D5_054.jpg,0
D5_002.jpg,1
D5_050.jpg,1
D5_081.jpg,1
D5_206.jpg,1
D5_035.jpg,1
D5_264.jpg,0
D5_092.jpg,1
D5_340.jpg,1
D5_053.jpg,0
D5_346.jpg,1
D5_265.jpg,0
D5_242.jpg,1
D5_014.jpg,0
D5_316.jpg,0
D5_089.jpg,0
D5_274.jpg,1
D5_167.jpg,0
D5_329.jpg,0
D5_394.jpg,0
D5_135.jpg,0
D5_307.jpg,1
D5_384.jpg,0
D5_320.jpg,0
D5_244.jpg,0
D5_055.jpg,0
D5_051.jpg,0
D5_175.jpg,1
D5_190.jpg,0
D5_398.jpg,0
D5_188.jpg,0
D5_170.jpg,1
D5_059.jpg,0
D5_049.jpg,0
D5_345.jpg,1
D5_236.jpg,0
D5_253.jpg,0
D5_022.jpg,0
D5_314.jpg,0
D5_161.jpg,0
D5_277.jpg,0
D5_192.jpg,0
D5_294.jpg,1
D5_344.jpg,1
D5_258.jpg,0
D5_309.jpg,0
D5_150.jpg,0
D5_131.jpg,1
D5_152.jpg,0
D5_360.jpg,0
D5_100.jpg,1
D5_373.jpg,0
D5_088.jpg,0
D5_331.jpg,1
D5_215.jpg,0
D5_122.jpg,0
D5_400.jpg,0
D5_021.jpg,0
D5_189.jpg,0
D5_072.jpg,1
D5_107.jpg,0
D5_271.jpg,0
D5_349.jpg,1
D5_103.jpg,1